-- phpMyAdmin SQL Dump
-- version 4.9.0.1
-- https://www.phpmyadmin.net/
--
-- Host: localhost:3306
-- Generation Time: Jul 05, 2020 at 10:34 PM
-- Server version: 5.7.24
-- PHP Version: 7.2.19

SET SQL_MODE = "NO_AUTO_VALUE_ON_ZERO";
SET AUTOCOMMIT = 0;
START TRANSACTION;
SET time_zone = "+00:00";


/*!40101 SET @OLD_CHARACTER_SET_CLIENT=@@CHARACTER_SET_CLIENT */;
/*!40101 SET @OLD_CHARACTER_SET_RESULTS=@@CHARACTER_SET_RESULTS */;
/*!40101 SET @OLD_COLLATION_CONNECTION=@@COLLATION_CONNECTION */;
/*!40101 SET NAMES utf8mb4 */;

--
-- Database: `academy`
--

-- --------------------------------------------------------

--
-- Table structure for table `academy`
--

CREATE TABLE `academy` (
  `id` int(10) UNSIGNED NOT NULL,
  `name` varchar(255) NOT NULL,
  `start` timestamp NOT NULL,
  `created_at` timestamp NOT NULL
) ENGINE=InnoDB DEFAULT CHARSET=latin1;

--
-- Dumping data for table `academy`
--

INSERT INTO `academy` (`id`, `name`, `start`, `created_at`) VALUES
(1, 'Fullstack', '2019-04-01 08:00:00', '2020-07-05 12:50:13'),
(2, 'Frontend', '2019-04-01 08:00:00', '2020-07-05 12:50:13'),
(3, 'Data science', '2019-06-01 08:00:00', '2020-07-05 12:50:13'),
(4, 'Marketing', '2019-06-01 08:00:00', '2020-07-05 12:50:13'),
(5, 'Design', '2019-04-01 08:00:00', '2020-07-05 12:50:13'),
(6, 'Graphical Design', '2019-04-01 08:00:00', '2020-07-05 12:50:13');

-- --------------------------------------------------------

--
-- Table structure for table `academy_instructor`
--

CREATE TABLE `academy_instructor` (
  `id` int(10) UNSIGNED NOT NULL,
  `academy_id` int(10) UNSIGNED NOT NULL,
  `instructor_id` int(10) UNSIGNED NOT NULL,
  `created_at` timestamp NOT NULL
) ENGINE=InnoDB DEFAULT CHARSET=latin1;

--
-- Dumping data for table `academy_instructor`
--

INSERT INTO `academy_instructor` (`id`, `academy_id`, `instructor_id`, `created_at`) VALUES
(1, 1, 1, '2020-07-04 23:00:00'),
(2, 1, 2, '2020-07-04 23:00:00'),
(3, 1, 3, '2020-07-04 23:00:00'),
(4, 1, 8, '2020-07-04 23:00:00'),
(5, 2, 2, '2020-07-04 23:00:00'),
(6, 2, 4, '2020-07-04 23:00:00'),
(7, 2, 6, '2020-07-04 23:00:00'),
(8, 2, 9, '2020-07-04 23:00:00'),
(9, 3, 1, '2020-07-04 23:00:00'),
(10, 3, 2, '2020-07-04 23:00:00'),
(11, 3, 10, '2020-07-04 23:00:00'),
(12, 3, 7, '2020-07-04 23:00:00'),
(13, 4, 1, '2020-07-04 23:00:00'),
(14, 4, 8, '2020-07-04 23:00:00'),
(15, 4, 10, '2020-07-04 23:00:00'),
(16, 5, 4, '2020-07-04 23:00:00'),
(17, 5, 5, '2020-07-04 23:00:00'),
(18, 5, 6, '2020-07-04 23:00:00'),
(19, 5, 7, '2020-07-04 23:00:00'),
(20, 5, 8, '2020-07-04 23:00:00'),
(21, 5, 9, '2020-07-04 23:00:00'),
(22, 6, 3, '2020-07-04 23:00:00'),
(23, 6, 1, '2020-07-04 23:00:00'),
(24, 6, 10, '2020-07-04 23:00:00');

-- --------------------------------------------------------

--
-- Table structure for table `instructor`
--

CREATE TABLE `instructor` (
  `id` int(10) UNSIGNED NOT NULL,
  `firstname` varchar(255) NOT NULL,
  `lastname` varchar(255) NOT NULL,
  `email` varchar(255) NOT NULL,
  `gender` varchar(255) NOT NULL,
  `years_of_experience` int(11) NOT NULL,
  `joined_at` timestamp NOT NULL,
  `created_at` timestamp NOT NULL
) ENGINE=InnoDB DEFAULT CHARSET=latin1;

--
-- Dumping data for table `instructor`
--

INSERT INTO `instructor` (`id`, `firstname`, `lastname`, `email`, `gender`, `years_of_experience`, `joined_at`, `created_at`) VALUES
(1, 'John', 'Doe', 'john.doe@gmail.com', 'Male', 9, '2019-11-13 13:50:13', '2020-07-05 12:50:13'),
(2, 'Jane', 'Doe', 'jane.doe@gmail.com', 'Female', 4, '2019-03-07 13:50:13', '2020-07-05 12:40:13'),
(3, 'Calvin', 'Harris', 'calvin.harris@gmail.com', 'Male', 5, '2019-03-07 13:50:13', '2020-07-05 12:40:13'),
(4, 'Luis', 'Figo', 'luis.figo@gmail.com', 'Male', 10, '2019-03-04 13:50:13', '2020-07-05 12:40:13'),
(5, 'James', 'Bartomeu', 'james.bartomeu@gmail.com', 'Male', 11, '2019-04-07 12:50:13', '2020-07-05 12:40:13'),
(6, 'Tristan', 'Puig', 'tristan.puig@gmail.com', 'Male', 5, '2019-05-07 12:50:13', '2020-07-05 12:40:13'),
(7, 'Brendan', 'Rogers', 'brendan.rogers@gmail.com', 'Male', 4, '2020-03-07 13:50:13', '2020-07-05 12:40:13'),
(8, 'Amy', 'Sigurdson', 'amy.sigurdson@gmail.com', 'Female', 7, '2020-06-07 12:50:13', '2020-07-05 12:40:13'),
(9, 'Penelope', 'Jamieson', 'penelope.jamieson@gmail.com', 'Female', 8, '2019-01-07 13:50:13', '2020-07-05 12:40:13'),
(10, 'Rose', 'Johnson', 'rose.johnson@gmail.com', 'Female', 8, '2018-03-07 13:50:13', '2020-07-05 12:40:13');

-- --------------------------------------------------------

--
-- Table structure for table `lecture`
--

CREATE TABLE `lecture` (
  `id` int(10) UNSIGNED NOT NULL,
  `datetime` timestamp NOT NULL,
  `topic` varchar(255) NOT NULL,
  `difficulty` int(11) NOT NULL,
  `instructor_id` int(10) UNSIGNED NOT NULL,
  `created_at` timestamp NOT NULL
) ENGINE=InnoDB DEFAULT CHARSET=latin1;

--
-- Dumping data for table `lecture`
--

INSERT INTO `lecture` (`id`, `datetime`, `topic`, `difficulty`, `instructor_id`, `created_at`) VALUES
(1, '2019-10-30 23:00:00', 'SQL', 5, 2, '2020-07-04 22:00:00'),
(2, '2020-06-01 22:00:00', 'SQL', 8, 10, '2020-07-04 22:00:00'),
(3, '2019-10-09 22:00:00', 'ER Diagram', 10, 8, '2020-07-04 22:00:00'),
(4, '2019-09-29 22:00:00', 'Bootstrap', 10, 8, '2020-07-04 22:00:00'),
(5, '2019-11-26 23:00:00', 'Javascript', 1, 9, '2020-07-04 22:00:00'),
(6, '2019-11-13 23:00:00', 'jQuery', 3, 5, '2020-07-04 22:00:00'),
(7, '2019-07-18 22:00:00', 'HTML', 1, 3, '2020-07-04 22:00:00'),
(8, '2019-07-31 22:00:00', 'CSS', 5, 3, '2020-07-04 22:00:00'),
(9, '2020-06-25 22:00:00', 'Git', 7, 10, '2020-07-04 22:00:00'),
(10, '2019-10-05 22:00:00', 'ER Diagram', 8, 2, '2020-07-04 22:00:00'),
(11, '2020-03-19 23:00:00', 'SQL', 3, 2, '2020-07-04 22:00:00'),
(12, '2020-06-20 22:00:00', 'ER Diagram', 1, 4, '2020-07-04 22:00:00'),
(13, '2020-04-27 22:00:00', 'HTML', 10, 4, '2020-07-04 22:00:00'),
(14, '2020-06-24 22:00:00', 'Bootstrap', 9, 9, '2020-07-04 22:00:00'),
(15, '2019-11-21 23:00:00', 'Bootstrap', 4, 6, '2020-07-04 22:00:00'),
(16, '2019-08-19 22:00:00', 'jQuery', 6, 7, '2020-07-04 22:00:00'),
(17, '2020-01-04 23:00:00', 'HTML', 4, 9, '2020-07-04 22:00:00'),
(18, '2019-12-08 23:00:00', 'SQL', 5, 1, '2020-07-04 22:00:00'),
(19, '2020-02-02 23:00:00', 'ER Diagram', 3, 1, '2020-07-04 22:00:00'),
(20, '2020-06-13 22:00:00', 'HTML', 8, 2, '2020-07-04 22:00:00'),
(21, '2019-09-12 22:00:00', 'Graphic Interface', 4, 10, '2020-07-04 22:00:00'),
(22, '2019-10-04 22:00:00', 'jQuery', 1, 6, '2020-07-04 22:00:00'),
(23, '2019-08-31 22:00:00', 'HTML', 3, 3, '2020-07-04 22:00:00'),
(24, '2019-10-09 22:00:00', 'CSS', 5, 3, '2020-07-04 22:00:00'),
(25, '2020-01-25 23:00:00', 'SQL', 8, 3, '2020-07-04 22:00:00'),
(26, '2020-05-11 22:00:00', 'SQL', 7, 10, '2020-07-04 22:00:00'),
(27, '2019-12-26 23:00:00', 'Git', 4, 6, '2020-07-04 22:00:00'),
(28, '2020-04-23 22:00:00', 'Git', 4, 9, '2020-07-04 22:00:00'),
(29, '2020-06-05 22:00:00', 'SQL', 5, 3, '2020-07-04 22:00:00'),
(30, '2019-12-09 23:00:00', 'jQuery', 2, 9, '2020-07-04 22:00:00'),
(31, '2020-03-30 22:00:00', 'jQuery', 9, 7, '2020-07-04 22:00:00'),
(32, '2020-02-27 23:00:00', 'CSS', 4, 1, '2020-07-04 22:00:00'),
(33, '2019-09-22 22:00:00', 'SQL', 1, 3, '2020-07-04 22:00:00'),
(34, '2019-12-18 23:00:00', 'jQuery', 4, 4, '2020-07-04 22:00:00'),
(35, '2019-07-11 22:00:00', 'ER Diagram', 2, 9, '2020-07-04 22:00:00'),
(36, '2020-03-16 23:00:00', 'Javascript', 10, 5, '2020-07-04 22:00:00'),
(37, '2019-09-25 22:00:00', 'CSS', 4, 10, '2020-07-04 22:00:00'),
(38, '2020-02-29 23:00:00', 'Javascript', 6, 4, '2020-07-04 22:00:00'),
(39, '2020-05-21 22:00:00', 'Bootstrap', 1, 10, '2020-07-04 22:00:00'),
(40, '2020-02-23 23:00:00', 'ER Diagram', 10, 10, '2020-07-04 22:00:00'),
(41, '2019-10-08 22:00:00', 'jQuery', 6, 2, '2020-07-04 22:00:00'),
(42, '2020-01-06 23:00:00', 'SQL', 9, 8, '2020-07-04 22:00:00'),
(43, '2019-07-20 22:00:00', 'HTML', 3, 3, '2020-07-04 22:00:00'),
(44, '2019-11-22 23:00:00', 'jQuery', 10, 5, '2020-07-04 22:00:00'),
(45, '2020-05-29 22:00:00', 'Git', 2, 6, '2020-07-04 22:00:00'),
(46, '2020-06-06 22:00:00', 'ER Diagram', 3, 7, '2020-07-04 22:00:00'),
(47, '2019-08-23 22:00:00', 'Git', 7, 7, '2020-07-04 22:00:00'),
(48, '2020-05-19 22:00:00', 'Javascript', 9, 1, '2020-07-04 22:00:00'),
(49, '2019-09-15 22:00:00', 'Bootstrap', 7, 9, '2020-07-04 22:00:00'),
(50, '2019-10-10 22:00:00', 'Javascript', 6, 7, '2020-07-04 22:00:00');

-- --------------------------------------------------------

--
-- Table structure for table `lecture_student`
--

CREATE TABLE `lecture_student` (
  `id` int(10) UNSIGNED NOT NULL,
  `lecture_id` int(10) UNSIGNED NOT NULL,
  `student_id` int(10) UNSIGNED NOT NULL,
  `created_at` timestamp NOT NULL
) ENGINE=InnoDB DEFAULT CHARSET=latin1;

--
-- Dumping data for table `lecture_student`
--

INSERT INTO `lecture_student` (`id`, `lecture_id`, `student_id`, `created_at`) VALUES
(1, 17, 47, '2020-07-04 22:00:00'),
(2, 48, 114, '2020-07-04 22:00:00'),
(3, 24, 60, '2020-07-04 22:00:00'),
(4, 20, 10, '2020-07-04 22:00:00'),
(5, 48, 67, '2020-07-04 22:00:00'),
(6, 25, 75, '2020-07-04 22:00:00'),
(7, 9, 111, '2020-07-04 22:00:00'),
(8, 11, 106, '2020-07-04 22:00:00'),
(9, 29, 21, '2020-07-04 22:00:00'),
(10, 21, 91, '2020-07-04 22:00:00'),
(11, 49, 80, '2020-07-04 22:00:00'),
(12, 21, 101, '2020-07-04 22:00:00'),
(13, 4, 67, '2020-07-04 22:00:00'),
(14, 25, 29, '2020-07-04 22:00:00'),
(15, 49, 30, '2020-07-04 22:00:00'),
(16, 36, 115, '2020-07-04 22:00:00'),
(17, 24, 16, '2020-07-04 22:00:00'),
(18, 29, 45, '2020-07-04 22:00:00'),
(19, 25, 23, '2020-07-04 22:00:00'),
(20, 36, 102, '2020-07-04 22:00:00'),
(21, 6, 16, '2020-07-04 22:00:00'),
(22, 34, 20, '2020-07-04 22:00:00'),
(23, 29, 45, '2020-07-04 22:00:00'),
(24, 34, 100, '2020-07-04 22:00:00'),
(25, 40, 91, '2020-07-04 22:00:00'),
(26, 49, 64, '2020-07-04 22:00:00'),
(27, 33, 111, '2020-07-04 22:00:00'),
(28, 14, 13, '2020-07-04 22:00:00'),
(29, 1, 43, '2020-07-04 22:00:00'),
(30, 27, 60, '2020-07-04 22:00:00'),
(31, 13, 38, '2020-07-04 22:00:00'),
(32, 6, 112, '2020-07-04 22:00:00'),
(33, 4, 105, '2020-07-04 22:00:00'),
(34, 43, 16, '2020-07-04 22:00:00'),
(35, 39, 8, '2020-07-04 22:00:00'),
(36, 17, 17, '2020-07-04 22:00:00'),
(37, 38, 3, '2020-07-04 22:00:00'),
(38, 13, 56, '2020-07-04 22:00:00'),
(39, 28, 52, '2020-07-04 22:00:00'),
(40, 26, 36, '2020-07-04 22:00:00'),
(41, 26, 30, '2020-07-04 22:00:00'),
(42, 18, 85, '2020-07-04 22:00:00'),
(43, 16, 57, '2020-07-04 22:00:00'),
(44, 39, 11, '2020-07-04 22:00:00'),
(45, 42, 106, '2020-07-04 22:00:00'),
(46, 44, 9, '2020-07-04 22:00:00'),
(47, 40, 52, '2020-07-04 22:00:00'),
(48, 50, 77, '2020-07-04 22:00:00'),
(49, 38, 96, '2020-07-04 22:00:00'),
(50, 8, 92, '2020-07-04 22:00:00'),
(51, 36, 39, '2020-07-04 22:00:00'),
(52, 43, 6, '2020-07-04 22:00:00'),
(53, 33, 97, '2020-07-04 22:00:00'),
(54, 35, 73, '2020-07-04 22:00:00'),
(55, 36, 94, '2020-07-04 22:00:00'),
(56, 1, 82, '2020-07-04 22:00:00'),
(57, 48, 105, '2020-07-04 22:00:00'),
(58, 36, 6, '2020-07-04 22:00:00'),
(59, 19, 90, '2020-07-04 22:00:00'),
(60, 42, 5, '2020-07-04 22:00:00'),
(61, 45, 81, '2020-07-04 22:00:00'),
(62, 50, 117, '2020-07-04 22:00:00'),
(63, 21, 22, '2020-07-04 22:00:00'),
(64, 18, 108, '2020-07-04 22:00:00'),
(65, 28, 53, '2020-07-04 22:00:00'),
(66, 30, 26, '2020-07-04 22:00:00'),
(67, 33, 108, '2020-07-04 22:00:00'),
(68, 7, 114, '2020-07-04 22:00:00'),
(69, 32, 57, '2020-07-04 22:00:00'),
(70, 28, 57, '2020-07-04 22:00:00'),
(71, 33, 84, '2020-07-04 22:00:00'),
(72, 35, 29, '2020-07-04 22:00:00'),
(73, 17, 107, '2020-07-04 22:00:00'),
(74, 41, 68, '2020-07-04 22:00:00'),
(75, 23, 86, '2020-07-04 22:00:00'),
(76, 43, 80, '2020-07-04 22:00:00'),
(77, 35, 18, '2020-07-04 22:00:00'),
(78, 18, 2, '2020-07-04 22:00:00'),
(79, 15, 112, '2020-07-04 22:00:00'),
(80, 17, 101, '2020-07-04 22:00:00'),
(81, 50, 72, '2020-07-04 22:00:00'),
(82, 8, 11, '2020-07-04 22:00:00'),
(83, 25, 33, '2020-07-04 22:00:00'),
(84, 19, 98, '2020-07-04 22:00:00'),
(85, 48, 119, '2020-07-04 22:00:00'),
(86, 15, 75, '2020-07-04 22:00:00'),
(87, 27, 59, '2020-07-04 22:00:00'),
(88, 13, 77, '2020-07-04 22:00:00'),
(89, 38, 49, '2020-07-04 22:00:00'),
(90, 28, 91, '2020-07-04 22:00:00'),
(91, 22, 73, '2020-07-04 22:00:00'),
(92, 24, 98, '2020-07-04 22:00:00'),
(93, 7, 84, '2020-07-04 22:00:00'),
(94, 39, 13, '2020-07-04 22:00:00'),
(95, 10, 118, '2020-07-04 22:00:00'),
(96, 5, 73, '2020-07-04 22:00:00'),
(97, 27, 15, '2020-07-04 22:00:00'),
(98, 1, 45, '2020-07-04 22:00:00'),
(99, 10, 23, '2020-07-04 22:00:00'),
(100, 20, 24, '2020-07-04 22:00:00'),
(101, 42, 14, '2020-07-04 22:00:00'),
(102, 47, 48, '2020-07-04 22:00:00'),
(103, 32, 101, '2020-07-04 22:00:00'),
(104, 23, 81, '2020-07-04 22:00:00'),
(105, 39, 94, '2020-07-04 22:00:00'),
(106, 22, 23, '2020-07-04 22:00:00'),
(107, 49, 61, '2020-07-04 22:00:00'),
(108, 39, 14, '2020-07-04 22:00:00'),
(109, 33, 103, '2020-07-04 22:00:00'),
(110, 30, 118, '2020-07-04 22:00:00'),
(111, 7, 89, '2020-07-04 22:00:00'),
(112, 13, 49, '2020-07-04 22:00:00'),
(113, 6, 103, '2020-07-04 22:00:00'),
(114, 19, 38, '2020-07-04 22:00:00'),
(115, 26, 31, '2020-07-04 22:00:00'),
(116, 21, 114, '2020-07-04 22:00:00'),
(117, 44, 8, '2020-07-04 22:00:00'),
(118, 7, 94, '2020-07-04 22:00:00'),
(119, 4, 76, '2020-07-04 22:00:00'),
(120, 11, 76, '2020-07-04 22:00:00'),
(121, 1, 86, '2020-07-04 22:00:00'),
(122, 24, 103, '2020-07-04 22:00:00'),
(123, 20, 19, '2020-07-04 22:00:00'),
(124, 26, 66, '2020-07-04 22:00:00'),
(125, 34, 23, '2020-07-04 22:00:00'),
(126, 5, 13, '2020-07-04 22:00:00'),
(127, 9, 73, '2020-07-04 22:00:00'),
(128, 6, 84, '2020-07-04 22:00:00'),
(129, 21, 15, '2020-07-04 22:00:00'),
(130, 5, 37, '2020-07-04 22:00:00'),
(131, 1, 23, '2020-07-04 22:00:00'),
(132, 19, 95, '2020-07-04 22:00:00'),
(133, 11, 103, '2020-07-04 22:00:00'),
(134, 19, 38, '2020-07-04 22:00:00'),
(135, 35, 37, '2020-07-04 22:00:00'),
(136, 4, 8, '2020-07-04 22:00:00'),
(137, 17, 18, '2020-07-04 22:00:00'),
(138, 46, 14, '2020-07-04 22:00:00'),
(139, 23, 61, '2020-07-04 22:00:00'),
(140, 24, 116, '2020-07-04 22:00:00'),
(141, 18, 26, '2020-07-04 22:00:00'),
(142, 3, 49, '2020-07-04 22:00:00'),
(143, 47, 73, '2020-07-04 22:00:00'),
(144, 32, 36, '2020-07-04 22:00:00'),
(145, 17, 107, '2020-07-04 22:00:00'),
(146, 3, 25, '2020-07-04 22:00:00'),
(147, 23, 44, '2020-07-04 22:00:00'),
(148, 19, 107, '2020-07-04 22:00:00'),
(149, 33, 16, '2020-07-04 22:00:00'),
(150, 34, 3, '2020-07-04 22:00:00'),
(151, 40, 70, '2020-07-04 22:00:00'),
(152, 4, 49, '2020-07-04 22:00:00'),
(153, 32, 15, '2020-07-04 22:00:00'),
(154, 14, 62, '2020-07-04 22:00:00'),
(155, 33, 18, '2020-07-04 22:00:00'),
(156, 16, 59, '2020-07-04 22:00:00'),
(157, 42, 99, '2020-07-04 22:00:00'),
(158, 26, 117, '2020-07-04 22:00:00'),
(159, 27, 91, '2020-07-04 22:00:00'),
(160, 39, 90, '2020-07-04 22:00:00'),
(161, 50, 40, '2020-07-04 22:00:00'),
(162, 13, 63, '2020-07-04 22:00:00'),
(163, 34, 105, '2020-07-04 22:00:00'),
(164, 10, 12, '2020-07-04 22:00:00'),
(165, 3, 57, '2020-07-04 22:00:00'),
(166, 13, 17, '2020-07-04 22:00:00'),
(167, 16, 3, '2020-07-04 22:00:00'),
(168, 5, 66, '2020-07-04 22:00:00'),
(169, 16, 64, '2020-07-04 22:00:00'),
(170, 41, 3, '2020-07-04 22:00:00'),
(171, 50, 111, '2020-07-04 22:00:00'),
(172, 20, 10, '2020-07-04 22:00:00'),
(173, 45, 71, '2020-07-04 22:00:00'),
(174, 40, 3, '2020-07-04 22:00:00'),
(175, 38, 89, '2020-07-04 22:00:00'),
(176, 32, 22, '2020-07-04 22:00:00'),
(177, 4, 28, '2020-07-04 22:00:00'),
(178, 6, 81, '2020-07-04 22:00:00'),
(179, 10, 15, '2020-07-04 22:00:00'),
(180, 26, 10, '2020-07-04 22:00:00'),
(181, 16, 35, '2020-07-04 22:00:00'),
(182, 29, 13, '2020-07-04 22:00:00'),
(183, 20, 6, '2020-07-04 22:00:00'),
(184, 24, 77, '2020-07-04 22:00:00'),
(185, 7, 12, '2020-07-04 22:00:00'),
(186, 17, 18, '2020-07-04 22:00:00'),
(187, 19, 98, '2020-07-04 22:00:00'),
(188, 33, 56, '2020-07-04 22:00:00'),
(189, 4, 37, '2020-07-04 22:00:00'),
(190, 3, 37, '2020-07-04 22:00:00'),
(191, 5, 19, '2020-07-04 22:00:00'),
(192, 22, 99, '2020-07-04 22:00:00'),
(193, 42, 117, '2020-07-04 22:00:00'),
(194, 9, 52, '2020-07-04 22:00:00'),
(195, 24, 78, '2020-07-04 22:00:00'),
(196, 48, 31, '2020-07-04 22:00:00'),
(197, 41, 68, '2020-07-04 22:00:00'),
(198, 3, 99, '2020-07-04 22:00:00'),
(199, 21, 56, '2020-07-04 22:00:00'),
(200, 49, 30, '2020-07-04 22:00:00');

-- --------------------------------------------------------

--
-- Table structure for table `mentor_session`
--

CREATE TABLE `mentor_session` (
  `id` int(10) UNSIGNED NOT NULL,
  `datetime` timestamp NOT NULL,
  `topic` varchar(255) NOT NULL,
  `instructor_id` int(10) UNSIGNED NOT NULL,
  `created_at` timestamp NOT NULL
) ENGINE=InnoDB DEFAULT CHARSET=latin1;

--
-- Dumping data for table `mentor_session`
--

INSERT INTO `mentor_session` (`id`, `datetime`, `topic`, `instructor_id`, `created_at`) VALUES
(1, '2019-10-21 22:00:00', 'SQL', 6, '2020-07-04 22:00:00'),
(2, '2020-06-07 22:00:00', 'Php', 7, '2020-07-04 22:00:00'),
(3, '2020-04-02 22:00:00', 'ER Diagram', 2, '2020-07-04 22:00:00'),
(4, '2019-10-23 22:00:00', 'Bootstrap', 2, '2020-07-04 22:00:00'),
(5, '2019-07-18 22:00:00', 'Bootstrap 5', 6, '2020-07-04 22:00:00'),
(6, '2020-07-03 22:00:00', 'Javascript', 7, '2020-07-04 22:00:00'),
(7, '2020-06-07 22:00:00', 'jQuery', 5, '2020-07-04 22:00:00'),
(8, '2020-03-27 23:00:00', 'HTML', 8, '2020-07-04 22:00:00'),
(9, '2019-11-22 23:00:00', 'CSS', 1, '2020-07-04 22:00:00'),
(10, '2019-11-18 23:00:00', 'ER Diagram', 7, '2020-07-04 22:00:00'),
(11, '2020-02-04 23:00:00', 'SQL', 1, '2020-07-04 22:00:00'),
(12, '2019-07-23 22:00:00', 'SQL', 3, '2020-07-04 22:00:00'),
(13, '2019-09-01 22:00:00', 'Php', 5, '2020-07-04 22:00:00'),
(14, '2020-06-17 22:00:00', 'Php', 2, '2020-07-04 22:00:00'),
(15, '2019-09-05 22:00:00', 'ER Diagram', 3, '2020-07-04 22:00:00'),
(16, '2019-07-20 22:00:00', 'Php', 1, '2020-07-04 22:00:00'),
(17, '2019-10-17 22:00:00', 'Java', 3, '2020-07-04 22:00:00'),
(18, '2020-03-13 23:00:00', 'HTML', 10, '2020-07-04 22:00:00'),
(19, '2019-10-04 22:00:00', 'Javascript', 7, '2020-07-04 22:00:00'),
(20, '2019-07-23 22:00:00', 'Bootstrap 5', 6, '2020-07-04 22:00:00'),
(21, '2019-10-01 22:00:00', 'Bootstrap 5', 2, '2020-07-04 22:00:00'),
(22, '2019-10-17 22:00:00', 'HTML', 4, '2020-07-04 22:00:00'),
(23, '2019-10-06 22:00:00', 'ER Diagram', 7, '2020-07-04 22:00:00'),
(24, '2020-03-09 23:00:00', 'SQL', 1, '2020-07-04 22:00:00'),
(25, '2019-08-02 22:00:00', 'CSS', 5, '2020-07-04 22:00:00'),
(26, '2020-04-07 22:00:00', 'Java', 7, '2020-07-04 22:00:00'),
(27, '2019-10-14 22:00:00', 'Php', 7, '2020-07-04 22:00:00'),
(28, '2020-04-14 22:00:00', 'SQL', 9, '2020-07-04 22:00:00'),
(29, '2020-04-22 22:00:00', 'Bootstrap', 2, '2020-07-04 22:00:00'),
(30, '2020-01-20 23:00:00', 'CSS', 5, '2020-07-04 22:00:00'),
(31, '2019-12-26 23:00:00', 'CSS', 9, '2020-07-04 22:00:00'),
(32, '2019-10-25 22:00:00', 'Php', 7, '2020-07-04 22:00:00'),
(33, '2019-11-28 23:00:00', 'Java', 5, '2020-07-04 22:00:00'),
(34, '2019-11-14 23:00:00', 'SQL', 9, '2020-07-04 22:00:00'),
(35, '2020-05-13 22:00:00', 'Bootstrap 5', 1, '2020-07-04 22:00:00'),
(36, '2020-06-02 22:00:00', 'SQL', 6, '2020-07-04 22:00:00'),
(37, '2020-05-25 22:00:00', 'jQuery', 8, '2020-07-04 22:00:00'),
(38, '2020-01-11 23:00:00', 'Javascript', 6, '2020-07-04 22:00:00'),
(39, '2020-02-07 23:00:00', 'ER Diagram', 2, '2020-07-04 22:00:00'),
(40, '2020-01-28 23:00:00', 'SQL', 7, '2020-07-04 22:00:00'),
(41, '2020-03-23 23:00:00', 'Bootstrap', 7, '2020-07-04 22:00:00'),
(42, '2020-03-05 23:00:00', 'Bootstrap', 1, '2020-07-04 22:00:00'),
(43, '2019-09-25 22:00:00', 'Bootstrap 5', 2, '2020-07-04 22:00:00'),
(44, '2020-04-24 22:00:00', 'Php', 7, '2020-07-04 22:00:00'),
(45, '2019-07-05 22:00:00', 'SQL', 2, '2020-07-04 22:00:00'),
(46, '2020-05-29 22:00:00', 'Javascript', 4, '2020-07-04 22:00:00'),
(47, '2020-01-20 23:00:00', 'jQuery', 2, '2020-07-04 22:00:00'),
(48, '2020-03-28 23:00:00', 'SQL', 1, '2020-07-04 22:00:00'),
(49, '2020-01-14 23:00:00', 'ER Diagram', 3, '2020-07-04 22:00:00'),
(50, '2019-07-23 22:00:00', 'jQuery', 3, '2020-07-04 22:00:00');

-- --------------------------------------------------------

--
-- Table structure for table `mentor_session_student`
--

CREATE TABLE `mentor_session_student` (
  `id` int(10) UNSIGNED NOT NULL,
  `mentor_session_id` int(10) UNSIGNED NOT NULL,
  `student_id` int(10) UNSIGNED NOT NULL,
  `created_at` timestamp NOT NULL
) ENGINE=InnoDB DEFAULT CHARSET=latin1;

--
-- Dumping data for table `mentor_session_student`
--

INSERT INTO `mentor_session_student` (`id`, `mentor_session_id`, `student_id`, `created_at`) VALUES
(1, 37, 108, '2020-07-04 22:00:00'),
(2, 16, 54, '2020-07-04 22:00:00'),
(3, 32, 28, '2020-07-04 22:00:00'),
(4, 41, 95, '2020-07-04 22:00:00'),
(5, 10, 109, '2020-07-04 22:00:00'),
(6, 41, 9, '2020-07-04 22:00:00'),
(7, 47, 94, '2020-07-04 22:00:00'),
(8, 1, 110, '2020-07-04 22:00:00'),
(9, 14, 88, '2020-07-04 22:00:00'),
(10, 15, 22, '2020-07-04 22:00:00'),
(11, 3, 99, '2020-07-04 22:00:00'),
(12, 14, 103, '2020-07-04 22:00:00'),
(13, 14, 97, '2020-07-04 22:00:00'),
(14, 1, 64, '2020-07-04 22:00:00'),
(15, 6, 41, '2020-07-04 22:00:00'),
(16, 35, 58, '2020-07-04 22:00:00'),
(17, 39, 4, '2020-07-04 22:00:00'),
(18, 33, 104, '2020-07-04 22:00:00'),
(19, 18, 59, '2020-07-04 22:00:00'),
(20, 48, 25, '2020-07-04 22:00:00'),
(21, 23, 85, '2020-07-04 22:00:00'),
(22, 5, 91, '2020-07-04 22:00:00'),
(23, 11, 58, '2020-07-04 22:00:00'),
(24, 9, 77, '2020-07-04 22:00:00'),
(25, 12, 66, '2020-07-04 22:00:00'),
(26, 19, 48, '2020-07-04 22:00:00'),
(27, 3, 65, '2020-07-04 22:00:00'),
(28, 50, 9, '2020-07-04 22:00:00'),
(29, 48, 4, '2020-07-04 22:00:00'),
(30, 13, 76, '2020-07-04 22:00:00'),
(31, 10, 39, '2020-07-04 22:00:00'),
(32, 8, 40, '2020-07-04 22:00:00'),
(33, 21, 59, '2020-07-04 22:00:00'),
(34, 35, 21, '2020-07-04 22:00:00'),
(35, 4, 6, '2020-07-04 22:00:00'),
(36, 17, 59, '2020-07-04 22:00:00'),
(37, 30, 56, '2020-07-04 22:00:00'),
(38, 5, 108, '2020-07-04 22:00:00'),
(39, 20, 8, '2020-07-04 22:00:00'),
(40, 18, 116, '2020-07-04 22:00:00'),
(41, 33, 99, '2020-07-04 22:00:00'),
(42, 34, 33, '2020-07-04 22:00:00'),
(43, 47, 21, '2020-07-04 22:00:00'),
(44, 3, 42, '2020-07-04 22:00:00'),
(45, 2, 28, '2020-07-04 22:00:00'),
(46, 29, 72, '2020-07-04 22:00:00'),
(47, 47, 45, '2020-07-04 22:00:00'),
(48, 21, 54, '2020-07-04 22:00:00'),
(49, 10, 87, '2020-07-04 22:00:00'),
(50, 39, 110, '2020-07-04 22:00:00'),
(51, 21, 46, '2020-07-04 22:00:00'),
(52, 22, 23, '2020-07-04 22:00:00'),
(53, 7, 79, '2020-07-04 22:00:00'),
(54, 5, 31, '2020-07-04 22:00:00'),
(55, 43, 34, '2020-07-04 22:00:00'),
(56, 3, 83, '2020-07-04 22:00:00'),
(57, 29, 109, '2020-07-04 22:00:00'),
(58, 48, 26, '2020-07-04 22:00:00'),
(59, 1, 106, '2020-07-04 22:00:00'),
(60, 42, 66, '2020-07-04 22:00:00'),
(61, 14, 89, '2020-07-04 22:00:00'),
(62, 21, 36, '2020-07-04 22:00:00'),
(63, 50, 80, '2020-07-04 22:00:00'),
(64, 12, 22, '2020-07-04 22:00:00'),
(65, 28, 67, '2020-07-04 22:00:00'),
(66, 16, 42, '2020-07-04 22:00:00'),
(67, 12, 27, '2020-07-04 22:00:00'),
(68, 24, 21, '2020-07-04 22:00:00'),
(69, 12, 49, '2020-07-04 22:00:00'),
(70, 37, 77, '2020-07-04 22:00:00'),
(71, 28, 45, '2020-07-04 22:00:00'),
(72, 40, 35, '2020-07-04 22:00:00'),
(73, 49, 66, '2020-07-04 22:00:00'),
(74, 34, 48, '2020-07-04 22:00:00'),
(75, 26, 47, '2020-07-04 22:00:00'),
(76, 44, 58, '2020-07-04 22:00:00'),
(77, 24, 33, '2020-07-04 22:00:00'),
(78, 12, 90, '2020-07-04 22:00:00'),
(79, 24, 35, '2020-07-04 22:00:00'),
(80, 6, 8, '2020-07-04 22:00:00'),
(81, 44, 7, '2020-07-04 22:00:00'),
(82, 24, 80, '2020-07-04 22:00:00'),
(83, 38, 92, '2020-07-04 22:00:00'),
(84, 39, 46, '2020-07-04 22:00:00'),
(85, 25, 24, '2020-07-04 22:00:00'),
(86, 37, 35, '2020-07-04 22:00:00'),
(87, 8, 118, '2020-07-04 22:00:00'),
(88, 14, 52, '2020-07-04 22:00:00'),
(89, 5, 21, '2020-07-04 22:00:00'),
(90, 25, 34, '2020-07-04 22:00:00'),
(91, 17, 55, '2020-07-04 22:00:00'),
(92, 28, 119, '2020-07-04 22:00:00'),
(93, 50, 84, '2020-07-04 22:00:00'),
(94, 41, 55, '2020-07-04 22:00:00'),
(95, 27, 11, '2020-07-04 22:00:00'),
(96, 16, 29, '2020-07-04 22:00:00'),
(97, 2, 47, '2020-07-04 22:00:00'),
(98, 23, 23, '2020-07-04 22:00:00'),
(99, 3, 115, '2020-07-04 22:00:00'),
(100, 34, 43, '2020-07-04 22:00:00'),
(101, 30, 114, '2020-07-04 22:00:00'),
(102, 15, 27, '2020-07-04 22:00:00'),
(103, 26, 106, '2020-07-04 22:00:00'),
(104, 23, 22, '2020-07-04 22:00:00'),
(105, 47, 30, '2020-07-04 22:00:00'),
(106, 50, 82, '2020-07-04 22:00:00'),
(107, 30, 89, '2020-07-04 22:00:00'),
(108, 7, 16, '2020-07-04 22:00:00'),
(109, 24, 83, '2020-07-04 22:00:00'),
(110, 8, 87, '2020-07-04 22:00:00'),
(111, 32, 114, '2020-07-04 22:00:00'),
(112, 41, 80, '2020-07-04 22:00:00'),
(113, 17, 16, '2020-07-04 22:00:00'),
(114, 48, 103, '2020-07-04 22:00:00'),
(115, 18, 99, '2020-07-04 22:00:00'),
(116, 48, 8, '2020-07-04 22:00:00'),
(117, 31, 77, '2020-07-04 22:00:00'),
(118, 48, 111, '2020-07-04 22:00:00'),
(119, 36, 23, '2020-07-04 22:00:00'),
(120, 37, 102, '2020-07-04 22:00:00'),
(121, 33, 1, '2020-07-04 22:00:00'),
(122, 29, 61, '2020-07-04 22:00:00'),
(123, 8, 47, '2020-07-04 22:00:00'),
(124, 38, 68, '2020-07-04 22:00:00'),
(125, 11, 43, '2020-07-04 22:00:00'),
(126, 4, 76, '2020-07-04 22:00:00'),
(127, 27, 55, '2020-07-04 22:00:00'),
(128, 47, 94, '2020-07-04 22:00:00'),
(129, 31, 116, '2020-07-04 22:00:00'),
(130, 37, 50, '2020-07-04 22:00:00'),
(131, 32, 115, '2020-07-04 22:00:00'),
(132, 44, 76, '2020-07-04 22:00:00'),
(133, 21, 78, '2020-07-04 22:00:00'),
(134, 33, 24, '2020-07-04 22:00:00'),
(135, 47, 41, '2020-07-04 22:00:00'),
(136, 4, 70, '2020-07-04 22:00:00'),
(137, 4, 25, '2020-07-04 22:00:00'),
(138, 20, 82, '2020-07-04 22:00:00'),
(139, 42, 28, '2020-07-04 22:00:00'),
(140, 18, 61, '2020-07-04 22:00:00'),
(141, 48, 108, '2020-07-04 22:00:00'),
(142, 46, 66, '2020-07-04 22:00:00'),
(143, 6, 91, '2020-07-04 22:00:00'),
(144, 49, 59, '2020-07-04 22:00:00'),
(145, 35, 69, '2020-07-04 22:00:00'),
(146, 44, 32, '2020-07-04 22:00:00'),
(147, 38, 103, '2020-07-04 22:00:00'),
(148, 31, 113, '2020-07-04 22:00:00'),
(149, 22, 62, '2020-07-04 22:00:00'),
(150, 46, 51, '2020-07-04 22:00:00'),
(151, 1, 44, '2020-07-04 22:00:00'),
(152, 42, 106, '2020-07-04 22:00:00'),
(153, 39, 27, '2020-07-04 22:00:00'),
(154, 44, 86, '2020-07-04 22:00:00'),
(155, 37, 107, '2020-07-04 22:00:00'),
(156, 5, 13, '2020-07-04 22:00:00'),
(157, 44, 116, '2020-07-04 22:00:00'),
(158, 6, 112, '2020-07-04 22:00:00'),
(159, 2, 32, '2020-07-04 22:00:00'),
(160, 41, 80, '2020-07-04 22:00:00'),
(161, 31, 114, '2020-07-04 22:00:00'),
(162, 42, 108, '2020-07-04 22:00:00'),
(163, 42, 94, '2020-07-04 22:00:00'),
(164, 37, 72, '2020-07-04 22:00:00'),
(165, 24, 63, '2020-07-04 22:00:00'),
(166, 25, 14, '2020-07-04 22:00:00'),
(167, 16, 119, '2020-07-04 22:00:00'),
(168, 22, 15, '2020-07-04 22:00:00'),
(169, 47, 5, '2020-07-04 22:00:00'),
(170, 11, 55, '2020-07-04 22:00:00'),
(171, 19, 35, '2020-07-04 22:00:00'),
(172, 2, 69, '2020-07-04 22:00:00'),
(173, 40, 117, '2020-07-04 22:00:00'),
(174, 8, 30, '2020-07-04 22:00:00'),
(175, 3, 5, '2020-07-04 22:00:00'),
(176, 23, 89, '2020-07-04 22:00:00'),
(177, 33, 64, '2020-07-04 22:00:00'),
(178, 23, 53, '2020-07-04 22:00:00'),
(179, 5, 48, '2020-07-04 22:00:00'),
(180, 45, 64, '2020-07-04 22:00:00'),
(181, 50, 11, '2020-07-04 22:00:00'),
(182, 8, 93, '2020-07-04 22:00:00'),
(183, 15, 57, '2020-07-04 22:00:00'),
(184, 11, 120, '2020-07-04 22:00:00'),
(185, 22, 120, '2020-07-04 22:00:00'),
(186, 1, 104, '2020-07-04 22:00:00'),
(187, 16, 29, '2020-07-04 22:00:00'),
(188, 35, 14, '2020-07-04 22:00:00'),
(189, 4, 47, '2020-07-04 22:00:00'),
(190, 27, 20, '2020-07-04 22:00:00'),
(191, 20, 14, '2020-07-04 22:00:00'),
(192, 48, 63, '2020-07-04 22:00:00'),
(193, 49, 43, '2020-07-04 22:00:00'),
(194, 25, 15, '2020-07-04 22:00:00'),
(195, 8, 32, '2020-07-04 22:00:00'),
(196, 2, 97, '2020-07-04 22:00:00'),
(197, 11, 25, '2020-07-04 22:00:00'),
(198, 4, 54, '2020-07-04 22:00:00'),
(199, 13, 93, '2020-07-04 22:00:00'),
(200, 25, 88, '2020-07-04 22:00:00'),
(201, 35, 51, '2020-07-04 22:00:00'),
(202, 14, 86, '2020-07-04 22:00:00'),
(203, 43, 92, '2020-07-04 22:00:00'),
(204, 45, 87, '2020-07-04 22:00:00'),
(205, 14, 90, '2020-07-04 22:00:00'),
(206, 49, 82, '2020-07-04 22:00:00'),
(207, 29, 86, '2020-07-04 22:00:00'),
(208, 22, 107, '2020-07-04 22:00:00'),
(209, 36, 111, '2020-07-04 22:00:00'),
(210, 21, 49, '2020-07-04 22:00:00'),
(211, 36, 55, '2020-07-04 22:00:00'),
(212, 34, 1, '2020-07-04 22:00:00'),
(213, 13, 118, '2020-07-04 22:00:00'),
(214, 2, 44, '2020-07-04 22:00:00'),
(215, 30, 38, '2020-07-04 22:00:00'),
(216, 26, 8, '2020-07-04 22:00:00'),
(217, 8, 52, '2020-07-04 22:00:00'),
(218, 10, 58, '2020-07-04 22:00:00'),
(219, 11, 24, '2020-07-04 22:00:00'),
(220, 32, 30, '2020-07-04 22:00:00'),
(221, 9, 90, '2020-07-04 22:00:00'),
(222, 26, 100, '2020-07-04 22:00:00'),
(223, 24, 119, '2020-07-04 22:00:00'),
(224, 44, 81, '2020-07-04 22:00:00'),
(225, 35, 96, '2020-07-04 22:00:00'),
(226, 41, 81, '2020-07-04 22:00:00'),
(227, 47, 75, '2020-07-04 22:00:00'),
(228, 9, 53, '2020-07-04 22:00:00'),
(229, 23, 92, '2020-07-04 22:00:00'),
(230, 24, 2, '2020-07-04 22:00:00'),
(231, 40, 41, '2020-07-04 22:00:00'),
(232, 19, 59, '2020-07-04 22:00:00'),
(233, 25, 4, '2020-07-04 22:00:00'),
(234, 46, 30, '2020-07-04 22:00:00'),
(235, 34, 56, '2020-07-04 22:00:00'),
(236, 2, 57, '2020-07-04 22:00:00'),
(237, 16, 15, '2020-07-04 22:00:00'),
(238, 1, 66, '2020-07-04 22:00:00'),
(239, 37, 60, '2020-07-04 22:00:00'),
(240, 13, 2, '2020-07-04 22:00:00'),
(241, 35, 108, '2020-07-04 22:00:00'),
(242, 38, 7, '2020-07-04 22:00:00'),
(243, 36, 32, '2020-07-04 22:00:00'),
(244, 36, 48, '2020-07-04 22:00:00'),
(245, 48, 91, '2020-07-04 22:00:00'),
(246, 28, 100, '2020-07-04 22:00:00'),
(247, 42, 68, '2020-07-04 22:00:00'),
(248, 27, 67, '2020-07-04 22:00:00'),
(249, 5, 78, '2020-07-04 22:00:00'),
(250, 40, 100, '2020-07-04 22:00:00');

-- --------------------------------------------------------

--
-- Table structure for table `student`
--

CREATE TABLE `student` (
  `id` int(10) UNSIGNED NOT NULL,
  `firstname` varchar(255) NOT NULL,
  `lastname` varchar(255) NOT NULL,
  `email` varchar(255) NOT NULL,
  `gender` varchar(255) NOT NULL,
  `academy_id` int(10) UNSIGNED NOT NULL,
  `created_at` timestamp NOT NULL
) ENGINE=InnoDB DEFAULT CHARSET=latin1;

--
-- Dumping data for table `student`
--

INSERT INTO `student` (`id`, `firstname`, `lastname`, `email`, `gender`, `academy_id`, `created_at`) VALUES
(1, 'Janessa', 'Breinl', 'jbreinl0@ask.com', 'Female', 5, '2020-07-04 22:00:00'),
(2, 'Marje', 'Reeman', 'mreeman1@altervista.org', 'Female', 1, '2020-07-04 22:00:00'),
(3, 'Anne', 'MacEnelly', 'amacenelly2@ameblo.jp', 'Male', 5, '2020-07-04 22:00:00'),
(4, 'Vera', 'Robke', 'vrobke3@newsvine.com', 'Female', 4, '2020-07-04 22:00:00'),
(5, 'Aubine', 'Hunte', 'ahunte4@yandex.ru', 'Female', 4, '2020-07-04 22:00:00'),
(6, 'Torry', 'McGrotty', 'tmcgrotty5@brainster.org', 'Female', 5, '2020-07-04 22:00:00'),
(7, 'Madge', 'Maliphant', 'mmaliphant6@abc.net.au', 'Male', 1, '2020-07-04 22:00:00'),
(8, 'Bettine', 'Laughrey', 'blaughrey7@microsoft.com', 'Female', 2, '2020-07-04 22:00:00'),
(9, 'Curtice', 'Floweth', 'cfloweth8@scientificamerican.com', 'Male', 2, '2020-07-04 22:00:00'),
(10, 'Filmore', 'Baptie', 'fbaptie9@e-recht24.de', 'Female', 1, '2020-07-04 22:00:00'),
(11, 'Zarah', 'Else', 'zelsea@shinystat.com', 'Male', 2, '2020-07-04 22:00:00'),
(12, 'Guglielma', 'Pruce', 'gpruceb@craigslist.org', 'Female', 4, '2020-07-04 22:00:00'),
(13, 'Maxim', 'Lightning', 'mlightningc@furl.net', 'Male', 3, '2020-07-04 22:00:00'),
(14, 'Jethro', 'Hearthfield', 'jhearthfieldd@state.tx.us', 'Female', 5, '2020-07-04 22:00:00'),
(15, 'Randy', 'Sinden', 'rsindene@hibu.com', 'Female', 6, '2020-07-04 22:00:00'),
(16, 'Karee', 'Goering', 'kgoeringf@blogspot.com', 'Male', 6, '2020-07-04 22:00:00'),
(17, 'Roderich', 'Khilkov', 'rkhilkovg@nsw.gov.au', 'Male', 4, '2020-07-04 22:00:00'),
(18, 'Edouard', 'Aggs', 'eaggsh@bloglines.com', 'Female', 6, '2020-07-04 22:00:00'),
(19, 'Gardner', 'Meth', 'gmethi@edublogs.org', 'Male', 5, '2020-07-04 22:00:00'),
(20, 'Nat', 'Mesant', 'nmesantj@naver.com', 'Female', 1, '2020-07-04 22:00:00'),
(21, 'Silvain', 'Beautyman', 'sbeautymank@tripod.com', 'Female', 1, '2020-07-04 22:00:00'),
(22, 'Margalo', 'Mapledoram', 'mmapledoraml@wsj.com', 'Female', 4, '2020-07-04 22:00:00'),
(23, 'Suzette', 'Gallahar', 'sgallaharm@simplemachines.org', 'Female', 5, '2020-07-04 22:00:00'),
(24, 'Armin', 'Dawnay', 'adawnayn@pbs.org', 'Male', 5, '2020-07-04 22:00:00'),
(25, 'Stinky', 'McKirdy', 'smckirdyo@rediff.com', 'Male', 3, '2020-07-04 22:00:00'),
(26, 'Chrissie', 'Siggers', 'csiggersp@prweb.com', 'Female', 3, '2020-07-04 22:00:00'),
(27, 'Dalton', 'Sinkins', 'dsinkinsq@army.mil', 'Male', 6, '2020-07-04 22:00:00'),
(28, 'Katherina', 'Adriaens', 'kadriaensr@aol.com', 'Female', 6, '2020-07-04 22:00:00'),
(29, 'Suzanna', 'Martill', 'smartills@techcrunch.com', 'Male', 2, '2020-07-04 22:00:00'),
(30, 'Caril', 'Darnbrook', 'cdarnbrookt@newyorker.com', 'Male', 6, '2020-07-04 22:00:00'),
(31, 'Zuzana', 'Aspinell', 'zaspinellu@slashdot.org', 'Male', 5, '2020-07-04 22:00:00'),
(32, 'Ripley', 'Goundry', 'rgoundryv@alibaba.com', 'Male', 2, '2020-07-04 22:00:00'),
(33, 'Fernanda', 'Presser', 'fpresserw@icio.us', 'Female', 1, '2020-07-04 22:00:00'),
(34, 'Adams', 'Stimson', 'astimsonx@nifty.com', 'Male', 4, '2020-07-04 22:00:00'),
(35, 'Nial', 'Tinto', 'ntintoy@pcworld.com', 'Female', 1, '2020-07-04 22:00:00'),
(36, 'Kristy', 'Sebastian', 'ksebastianz@dot.gov', 'Male', 2, '2020-07-04 22:00:00'),
(37, 'Jeanne', 'Beams', 'jbeams10@dion.ne.jp', 'Female', 6, '2020-07-04 22:00:00'),
(38, 'Ike', 'Macura', 'imacura11@redcross.org', 'Female', 1, '2020-07-04 22:00:00'),
(39, 'Vannie', 'Ingold', 'vingold12@cdbaby.com', 'Female', 4, '2020-07-04 22:00:00'),
(40, 'Glynnis', 'Twatt', 'gtwatt13@parallels.com', 'Male', 6, '2020-07-04 22:00:00'),
(41, 'Erwin', 'Waistall', 'ewaistall14@hp.com', 'Male', 5, '2020-07-04 22:00:00'),
(42, 'Marabel', 'Mount', 'mmount15@uiuc.edu', 'Male', 5, '2020-07-04 22:00:00'),
(43, 'Friederike', 'Tarquinio', 'ftarquinio16@deliciousdays.com', 'Female', 5, '2020-07-04 22:00:00'),
(44, 'Anastassia', 'Bukowski', 'abukowski17@chicagotribune.com', 'Female', 2, '2020-07-04 22:00:00'),
(45, 'Silvana', 'Greenmon', 'rgreenmon18@addtoany.com', 'Male', 2, '2020-07-04 22:00:00'),
(46, 'Shelba', 'Karsh', 'skarsh19@xinhuanet.com', 'Female', 2, '2020-07-04 22:00:00'),
(47, 'Nickolas', 'Rylatt', 'nrylatt1a@patch.com', 'Female', 1, '2020-07-04 22:00:00'),
(48, 'Giustina', 'Norewood', 'gnorewood1b@sbwire.com', 'Female', 2, '2020-07-04 22:00:00'),
(49, 'Ellen', 'Crebo', 'ecrebo1c@facebook.com', 'Male', 4, '2020-07-04 22:00:00'),
(50, 'Marybeth', 'Volkes', 'mvolkes1d@tuttocitta.it', 'Male', 1, '2020-07-04 22:00:00'),
(51, 'Xymenes', 'Peters', 'xpeters1e@brainster.com', 'Male', 6, '2020-07-04 22:00:00'),
(52, 'Stanislaus', 'O\'Brallaghan', 'sobrallaghan1f@utexas.edu', 'Male', 2, '2020-07-04 22:00:00'),
(53, 'Emory', 'Bodleigh', 'ebodleigh1g@miibeian.gov.cn', 'Female', 4, '2020-07-04 22:00:00'),
(54, 'Alyce', 'Popping', 'apopping1h@geocities.com', 'Female', 1, '2020-07-04 22:00:00'),
(55, 'Pietrek', 'Shwenn', 'pshwenn1i@usatoday.com', 'Male', 4, '2020-07-04 22:00:00'),
(56, 'Jen', 'Gaspar', 'jgaspar1j@slashdot.org', 'Male', 1, '2020-07-04 22:00:00'),
(57, 'Noby', 'Yearnsley', 'nyearnsley1k@unicef.org', 'Female', 2, '2020-07-04 22:00:00'),
(58, 'Cash', 'Catcherside', 'ccatcherside1l@is.gd', 'Female', 3, '2020-07-04 22:00:00'),
(59, 'Meade', 'Budnik', 'mbudnik1m@accuweather.com', 'Male', 2, '2020-07-04 22:00:00'),
(60, 'Lurlene', 'Tucsell', 'ltucsell1n@tinypic.com', 'Male', 4, '2020-07-04 22:00:00'),
(61, 'Fernanda', 'Storrie', 'fstorrie1o@whitehouse.gov', 'Female', 4, '2020-07-04 22:00:00'),
(62, 'Arley', 'Nano', 'anano1p@cbsnews.com', 'Male', 2, '2020-07-04 22:00:00'),
(63, 'Randall', 'Boissier', 'rboissier1q@wisc.edu', 'Male', 2, '2020-07-04 22:00:00'),
(64, 'Albert', 'Gamble', 'agamble1r@phoca.cz', 'Female', 1, '2020-07-04 22:00:00'),
(65, 'Vick', 'Wilfing', 'vwilfing1s@icq.com', 'Female', 4, '2020-07-04 22:00:00'),
(66, 'Edik', 'O\'Currane', 'eocurrane1t@hud.gov', 'Female', 5, '2020-07-04 22:00:00'),
(67, 'Leone', 'Purselowe', 'lpurselowe1u@umich.edu', 'Female', 1, '2020-07-04 22:00:00'),
(68, 'Pablo', 'Wright', 'pwright1v@dagondesign.com', 'Female', 6, '2020-07-04 22:00:00'),
(69, 'Karie', 'Cescon', 'kcescon1w@cbsnews.com', 'Female', 3, '2020-07-04 22:00:00'),
(70, 'Audrye', 'Biernat', 'abiernat1x@oracle.com', 'Female', 6, '2020-07-04 22:00:00'),
(71, 'Aurelea', 'Bodicam', 'abodicam1y@drupal.org', 'Male', 4, '2020-07-04 22:00:00'),
(72, 'Dukey', 'Towers', 'dtowers1z@usda.gov', 'Male', 2, '2020-07-04 22:00:00'),
(73, 'Andrea', 'Strapp', 'astrapp20@stanford.edu', 'Female', 6, '2020-07-04 22:00:00'),
(74, 'Julianna', 'Michele', 'jmichele21@blog.com', 'Female', 1, '2020-07-04 22:00:00'),
(75, 'Carmine', 'Dalgardno', 'cdalgardno22@cargocollective.com', 'Male', 4, '2020-07-04 22:00:00'),
(76, 'Alfie', 'Pulfer', 'apulfer23@cocolog-nifty.com', 'Male', 5, '2020-07-04 22:00:00'),
(77, 'Genna', 'Ashborn', 'gashborn24@1688.com', 'Male', 4, '2020-07-04 22:00:00'),
(78, 'Morgana', 'McGilvra', 'mmcgilvra25@brainster.com', 'Female', 5, '2020-07-04 22:00:00'),
(79, 'Electra', 'Pietesch', 'epietesch26@sitemeter.com', 'Male', 4, '2020-07-04 22:00:00'),
(80, 'Dwight', 'Wenden', 'dwenden27@ifeng.com', 'Female', 2, '2020-07-04 22:00:00'),
(81, 'Janella', 'Dawltrey', 'jdawltrey28@surveymonkey.com', 'Female', 3, '2020-07-04 22:00:00'),
(82, 'Electra', 'Barrim', 'ebarrim29@infoseek.co.jp', 'Male', 3, '2020-07-04 22:00:00'),
(83, 'Astra', 'McKibbin', 'amckibbin2a@nymag.com', 'Female', 5, '2020-07-04 22:00:00'),
(84, 'Britta', 'Kording', 'bkording2b@comsenz.com', 'Female', 1, '2020-07-04 22:00:00'),
(85, 'Kristos', 'Spark', 'kspark2c@trellian.com', 'Female', 2, '2020-07-04 22:00:00'),
(86, 'Teirtza', 'Fall', 'tfall2d@usa.gov', 'Female', 5, '2020-07-04 22:00:00'),
(87, 'Minnie', 'Hassell', 'mhassell2e@liveinternet.ru', 'Female', 6, '2020-07-04 22:00:00'),
(88, 'Dorrie', 'Mawman', 'dmawman2f@wordpress.org', 'Female', 4, '2020-07-04 22:00:00'),
(89, 'Joshua', 'Everleigh', 'jeverleigh2g@barnesandnoble.com', 'Female', 2, '2020-07-04 22:00:00'),
(90, 'Florence', 'Thieme', 'fthieme2h@patch.com', 'Male', 6, '2020-07-04 22:00:00'),
(91, 'Ede', 'Kettles', 'ekettles2i@weebly.com', 'Female', 3, '2020-07-04 22:00:00'),
(92, 'Terrance', 'Rolph', 'trolph2j@blogs.com', 'Female', 2, '2020-07-04 22:00:00'),
(93, 'Jessika', 'Nixon', 'jnixon2k@flickr.com', 'Male', 6, '2020-07-04 22:00:00'),
(94, 'Oran', 'Cornall', 'ocornall2l@cmu.edu', 'Male', 2, '2020-07-04 22:00:00'),
(95, 'Sanford', 'Meadley', 'smeadley2m@woothemes.com', 'Female', 1, '2020-07-04 22:00:00'),
(96, 'Bibbie', 'Veart', 'bveart2n@tripadvisor.com', 'Female', 1, '2020-07-04 22:00:00'),
(97, 'Fonsie', 'D\'Arrigo', 'fdarrigo2o@about.me', 'Female', 5, '2020-07-04 22:00:00'),
(98, 'Tisha', 'Ast', 'tast2p@xinhuanet.com', 'Female', 5, '2020-07-04 22:00:00'),
(99, 'Shaughn', 'Greber', 'sgreber2q@istockphoto.com', 'Male', 2, '2020-07-04 22:00:00'),
(100, 'Isadore', 'Flintuff', 'iflintuff2r@ihg.com', 'Female', 3, '2020-07-04 22:00:00'),
(101, 'Suzy', 'Avo', 'savo2s@dagondesign.com', 'Female', 5, '2020-07-04 22:00:00'),
(102, 'Eba', 'Gentery', 'egentery2t@tmall.com', 'Female', 5, '2020-07-04 22:00:00'),
(103, 'Dell', 'Yakhin', 'dyakhin2u@artisteer.com', 'Female', 4, '2020-07-04 22:00:00'),
(104, 'Raffaello', 'Pervoe', 'rpervoe2v@imageshack.us', 'Male', 5, '2020-07-04 22:00:00'),
(105, 'Nat', 'Enrietto', 'nenrietto2w@amazonaws.com', 'Female', 1, '2020-07-04 22:00:00'),
(106, 'Sacha', 'Lapenna', 'slapenna2x@ustream.tv', 'Male', 6, '2020-07-04 22:00:00'),
(107, 'Sinclare', 'Harradence', 'sharradence2y@brainster.com', 'Male', 1, '2020-07-04 22:00:00'),
(108, 'Beverlie', 'McNellis', 'bmcnellis2z@tiny.cc', 'Female', 3, '2020-07-04 22:00:00'),
(109, 'Kevina', 'Cristofalo', 'kcristofalo30@aboutads.info', 'Female', 4, '2020-07-04 22:00:00'),
(110, 'Appolonia', 'Knowlton', 'aknowlton31@shop-pro.jp', 'Female', 5, '2020-07-04 22:00:00'),
(111, 'Ricardo', 'Calbert', 'rcalbert32@hp.com', 'Male', 6, '2020-07-04 22:00:00'),
(112, 'Andria', 'Balderston', 'abalderston33@squidoo.com', 'Female', 3, '2020-07-04 22:00:00'),
(113, 'Angil', 'Titchen', 'atitchen34@g.co', 'Male', 5, '2020-07-04 22:00:00'),
(114, 'Erroll', 'Eldin', 'eeldin35@fema.gov', 'Male', 2, '2020-07-04 22:00:00'),
(115, 'Perri', 'Ivanchenkov', 'pivanchenkov36@dropbox.com', 'Female', 2, '2020-07-04 22:00:00'),
(116, 'Daisi', 'Roach', 'droach37@reverbnation.com', 'Male', 3, '2020-07-04 22:00:00'),
(117, 'Berny', 'Vasser', 'bvasser38@guardian.co.uk', 'Female', 5, '2020-07-04 22:00:00'),
(118, 'Layton', 'Stoddard', 'lstoddard39@tinypic.com', 'Male', 2, '2020-07-04 22:00:00'),
(119, 'Silvana', 'McCandie', 'smccandie3a@example.com', 'Female', 6, '2020-07-04 22:00:00'),
(120, 'Ravid', 'Bonnell', 'rbonnell3b@java.com', 'Male', 6, '2020-07-04 22:00:00');

--
-- Indexes for dumped tables
--

--
-- Indexes for table `academy`
--
ALTER TABLE `academy`
  ADD PRIMARY KEY (`id`);

--
-- Indexes for table `academy_instructor`
--
ALTER TABLE `academy_instructor`
  ADD PRIMARY KEY (`id`),
  ADD KEY `aia` (`academy_id`),
  ADD KEY `aii` (`instructor_id`);

--
-- Indexes for table `instructor`
--
ALTER TABLE `instructor`
  ADD PRIMARY KEY (`id`);

--
-- Indexes for table `lecture`
--
ALTER TABLE `lecture`
  ADD PRIMARY KEY (`id`),
  ADD KEY `li` (`instructor_id`);

--
-- Indexes for table `lecture_student`
--
ALTER TABLE `lecture_student`
  ADD PRIMARY KEY (`id`),
  ADD KEY `lsl` (`lecture_id`),
  ADD KEY `lss` (`student_id`);

--
-- Indexes for table `mentor_session`
--
ALTER TABLE `mentor_session`
  ADD PRIMARY KEY (`id`),
  ADD KEY `msi` (`instructor_id`);

--
-- Indexes for table `mentor_session_student`
--
ALTER TABLE `mentor_session_student`
  ADD PRIMARY KEY (`id`),
  ADD KEY `msms` (`mentor_session_id`),
  ADD KEY `msss` (`student_id`);

--
-- Indexes for table `student`
--
ALTER TABLE `student`
  ADD PRIMARY KEY (`id`),
  ADD KEY `sa` (`academy_id`);

--
-- AUTO_INCREMENT for dumped tables
--

--
-- AUTO_INCREMENT for table `academy`
--
ALTER TABLE `academy`
  MODIFY `id` int(10) UNSIGNED NOT NULL AUTO_INCREMENT, AUTO_INCREMENT=7;

--
-- AUTO_INCREMENT for table `academy_instructor`
--
ALTER TABLE `academy_instructor`
  MODIFY `id` int(10) UNSIGNED NOT NULL AUTO_INCREMENT, AUTO_INCREMENT=25;

--
-- AUTO_INCREMENT for table `instructor`
--
ALTER TABLE `instructor`
  MODIFY `id` int(10) UNSIGNED NOT NULL AUTO_INCREMENT, AUTO_INCREMENT=24;

--
-- AUTO_INCREMENT for table `lecture`
--
ALTER TABLE `lecture`
  MODIFY `id` int(10) UNSIGNED NOT NULL AUTO_INCREMENT, AUTO_INCREMENT=51;

--
-- AUTO_INCREMENT for table `lecture_student`
--
ALTER TABLE `lecture_student`
  MODIFY `id` int(10) UNSIGNED NOT NULL AUTO_INCREMENT, AUTO_INCREMENT=201;

--
-- AUTO_INCREMENT for table `mentor_session`
--
ALTER TABLE `mentor_session`
  MODIFY `id` int(10) UNSIGNED NOT NULL AUTO_INCREMENT, AUTO_INCREMENT=51;

--
-- AUTO_INCREMENT for table `mentor_session_student`
--
ALTER TABLE `mentor_session_student`
  MODIFY `id` int(10) UNSIGNED NOT NULL AUTO_INCREMENT, AUTO_INCREMENT=251;

--
-- AUTO_INCREMENT for table `student`
--
ALTER TABLE `student`
  MODIFY `id` int(10) UNSIGNED NOT NULL AUTO_INCREMENT, AUTO_INCREMENT=121;

--
-- Constraints for dumped tables
--

--
-- Constraints for table `academy_instructor`
--
ALTER TABLE `academy_instructor`
  ADD CONSTRAINT `aia` FOREIGN KEY (`academy_id`) REFERENCES `academy` (`id`),
  ADD CONSTRAINT `aii` FOREIGN KEY (`instructor_id`) REFERENCES `instructor` (`id`);

--
-- Constraints for table `lecture`
--
ALTER TABLE `lecture`
  ADD CONSTRAINT `li` FOREIGN KEY (`instructor_id`) REFERENCES `instructor` (`id`);

--
-- Constraints for table `lecture_student`
--
ALTER TABLE `lecture_student`
  ADD CONSTRAINT `lsl` FOREIGN KEY (`lecture_id`) REFERENCES `lecture` (`id`),
  ADD CONSTRAINT `lss` FOREIGN KEY (`student_id`) REFERENCES `student` (`id`);

--
-- Constraints for table `mentor_session`
--
ALTER TABLE `mentor_session`
  ADD CONSTRAINT `msi` FOREIGN KEY (`instructor_id`) REFERENCES `instructor` (`id`);

--
-- Constraints for table `mentor_session_student`
--
ALTER TABLE `mentor_session_student`
  ADD CONSTRAINT `msms` FOREIGN KEY (`mentor_session_id`) REFERENCES `mentor_session` (`id`),
  ADD CONSTRAINT `msss` FOREIGN KEY (`student_id`) REFERENCES `student` (`id`);
COMMIT;

/*!40101 SET CHARACTER_SET_CLIENT=@OLD_CHARACTER_SET_CLIENT */;
/*!40101 SET CHARACTER_SET_RESULTS=@OLD_CHARACTER_SET_RESULTS */;
/*!40101 SET COLLATION_CONNECTION=@OLD_COLLATION_CONNECTION */;
